"survey_result_id","workoscope_result_id","scores"
"02c3c282-6792-449c-ac9b-c359fb00cc28","6f84f571-0711-4317-9e63-0c2932abb930","[{""mode"" : ""Introspection"", ""mode_score"" : 28}, {""mode"" : ""Transformation"", ""mode_score"" : 26}, {""mode"" : ""Ascension"", ""mode_score"" : 25}, {""mode"" : ""Impact"", ""mode_score"" : 17}, {""mode"" : ""Équilibre"", ""mode_score"" : 4}]"
"02d60ee5-ab36-479d-bce2-4defa60d46a0","099a04a9-0ed8-43df-b3ac-8d57ed0c8ee0","[{""mode"" : ""Introspection"", ""mode_score"" : 30}, {""mode"" : ""Ascension"", ""mode_score"" : 26}, {""mode"" : ""Transformation"", ""mode_score"" : 17}, {""mode"" : ""Impact"", ""mode_score"" : 16}, {""mode"" : ""Équilibre"", ""mode_score"" : 11}]"
"07dd746f-a21c-423c-bb0c-e8af5ae37995","255916ea-978b-43e4-bf3e-e91f3faf1b6a","[{""mode"" : ""Transformation"", ""mode_score"" : 43}, {""mode"" : ""Impact"", ""mode_score"" : 29}, {""mode"" : ""Introspection"", ""mode_score"" : 18}, {""mode"" : ""Ascension"", ""mode_score"" : 10}, {""mode"" : ""Équilibre"", ""mode_score"" : 0}]"
"07e25c0c-f787-4b83-84ab-e6768ff0e829","83c9d593-edbb-4aec-8800-8dafbce207ef","[{""mode"" : ""Impact"", ""mode_score"" : 38}, {""mode"" : ""Introspection"", ""mode_score"" : 37}, {""mode"" : ""Équilibre"", ""mode_score"" : 25}, {""mode"" : ""Transformation"", ""mode_score"" : 0}, {""mode"" : ""Ascension"", ""mode_score"" : 0}]"
"0ac2fa5a-4808-40dc-b9dd-0f68c0eb00aa","6bfdd4f6-309c-4e60-ab14-d8668a8de54c","[{""mode"" : ""Introspection"", ""mode_score"" : 36}, {""mode"" : ""Impact"", ""mode_score"" : 22}, {""mode"" : ""Transformation"", ""mode_score"" : 16}, {""mode"" : ""Équilibre"", ""mode_score"" : 13}, {""mode"" : ""Ascension"", ""mode_score"" : 13}]"
"0b8245bd-d848-4afb-934e-2260ad4099f7","34764b0b-7431-4202-9056-a3032339a997","[{""mode"" : ""Introspection"", ""mode_score"" : 36}, {""mode"" : ""Impact"", ""mode_score"" : 27}, {""mode"" : ""Équilibre"", ""mode_score"" : 22}, {""mode"" : ""Transformation"", ""mode_score"" : 9}, {""mode"" : ""Ascension"", ""mode_score"" : 6}]"
"0bd88618-a7f0-44c5-be2f-4315ec451f09","eeebf104-8ab1-4e14-b836-00e4465e3e75","[{""mode"" : ""Introspection"", ""mode_score"" : 30}, {""mode"" : ""Ascension"", ""mode_score"" : 24}, {""mode"" : ""Impact"", ""mode_score"" : 19}, {""mode"" : ""Transformation"", ""mode_score"" : 15}, {""mode"" : ""Équilibre"", ""mode_score"" : 12}]"
"0d124af2-0088-4281-9622-43133af1f437","13c69f03-0df9-4b28-80a5-7f1f2b80bbe2","[{""mode"" : ""Ascension"", ""mode_score"" : 28}, {""mode"" : ""Introspection"", ""mode_score"" : 24}, {""mode"" : ""Transformation"", ""mode_score"" : 22}, {""mode"" : ""Impact"", ""mode_score"" : 20}, {""mode"" : ""Équilibre"", ""mode_score"" : 6}]"
"144e7c8f-7079-49f1-b1c1-a3d16d39800f","595e90e1-c415-4076-9b8d-f851f5208646","[{""mode"" : ""Introspection"", ""mode_score"" : 38}, {""mode"" : ""Transformation"", ""mode_score"" : 24}, {""mode"" : ""Impact"", ""mode_score"" : 23}, {""mode"" : ""Équilibre"", ""mode_score"" : 9}, {""mode"" : ""Ascension"", ""mode_score"" : 6}]"
"17cc0c0b-e4ff-4bda-9c61-5dae7121a62a","c4febe2a-5e17-4263-8103-01c9596d3ab6","[{""mode"" : ""Impact"", ""mode_score"" : 39}, {""mode"" : ""Introspection"", ""mode_score"" : 37}, {""mode"" : ""Équilibre"", ""mode_score"" : 14}, {""mode"" : ""Transformation"", ""mode_score"" : 10}, {""mode"" : ""Ascension"", ""mode_score"" : 0}]"
"1821804f-f563-4d1f-b430-fc3c506e9b8f","7ccf5fd7-94c9-47ec-bfec-f0da09156413","[{""mode"" : ""Équilibre"", ""mode_score"" : 42}, {""mode"" : ""Introspection"", ""mode_score"" : 36}, {""mode"" : ""Impact"", ""mode_score"" : 19}, {""mode"" : ""Transformation"", ""mode_score"" : 3}, {""mode"" : ""Ascension"", ""mode_score"" : 0}]"
"194cb62c-f60d-4cd0-980b-4edd135b0df3","f089516c-aa1c-4ee0-926f-e4cfb62c0c69","[{""mode"" : ""Introspection"", ""mode_score"" : 35}, {""mode"" : ""Impact"", ""mode_score"" : 31}, {""mode"" : ""Équilibre"", ""mode_score"" : 27}, {""mode"" : ""Transformation"", ""mode_score"" : 7}, {""mode"" : ""Ascension"", ""mode_score"" : 0}]"
"19f8a521-7890-4a3f-8223-eaeadeb8e155","9be5a407-d423-48cb-964c-e8ea66e0fd48","[{""mode"" : ""Transformation"", ""mode_score"" : 42}, {""mode"" : ""Ascension"", ""mode_score"" : 27}, {""mode"" : ""Introspection"", ""mode_score"" : 22}, {""mode"" : ""Impact"", ""mode_score"" : 9}, {""mode"" : ""Équilibre"", ""mode_score"" : 0}]"
"1e304d0d-46f1-4d6f-a25f-c63cce8dd11a","7817ab0e-829a-4680-af8e-f1708b51a2da","[{""mode"" : ""Introspection"", ""mode_score"" : 32}, {""mode"" : ""Impact"", ""mode_score"" : 29}, {""mode"" : ""Équilibre"", ""mode_score"" : 14}, {""mode"" : ""Transformation"", ""mode_score"" : 13}, {""mode"" : ""Ascension"", ""mode_score"" : 12}]"
"2080bd64-740b-4111-9971-6746f7a08446","b2481724-616c-46d6-8ffa-63c9d820c0e4","[{""mode"" : ""Ascension"", ""mode_score"" : 29}, {""mode"" : ""Introspection"", ""mode_score"" : 25}, {""mode"" : ""Transformation"", ""mode_score"" : 17}, {""mode"" : ""Impact"", ""mode_score"" : 16}, {""mode"" : ""Équilibre"", ""mode_score"" : 13}]"
"21136eee-bca0-4c3e-8be7-441acc4cc48e","40020215-4da9-442e-86d2-6f006b30cce2","[{""mode"" : ""Introspection"", ""mode_score"" : 35}, {""mode"" : ""Transformation"", ""mode_score"" : 19}, {""mode"" : ""Impact"", ""mode_score"" : 18}, {""mode"" : ""Ascension"", ""mode_score"" : 16}, {""mode"" : ""Équilibre"", ""mode_score"" : 12}]"
"232653fc-f1b5-4a8c-9a80-5d2190314466","cfb54db2-685d-43c1-80e4-3aa41d3e1727","[{""mode"" : ""Introspection"", ""mode_score"" : 31}, {""mode"" : ""Ascension"", ""mode_score"" : 26}, {""mode"" : ""Équilibre"", ""mode_score"" : 19}, {""mode"" : ""Transformation"", ""mode_score"" : 18}, {""mode"" : ""Impact"", ""mode_score"" : 6}]"
"24668cea-aff8-4943-8967-45963be6fd13","213d4be4-5ff3-45c2-a642-7b051fe3f31e","[{""mode"" : ""Introspection"", ""mode_score"" : 41}, {""mode"" : ""Impact"", ""mode_score"" : 32}, {""mode"" : ""Équilibre"", ""mode_score"" : 19}, {""mode"" : ""Transformation"", ""mode_score"" : 8}, {""mode"" : ""Ascension"", ""mode_score"" : 0}]"
"26410e15-54a8-4702-aeaf-555e4aea3ebf","4fec37be-4804-4b49-baef-ffb0b35ca6e5","[{""mode"" : ""Introspection"", ""mode_score"" : 39}, {""mode"" : ""Impact"", ""mode_score"" : 32}, {""mode"" : ""Transformation"", ""mode_score"" : 18}, {""mode"" : ""Ascension"", ""mode_score"" : 8}, {""mode"" : ""Équilibre"", ""mode_score"" : 3}]"
"27680523-5270-4238-ac76-2de26d11576a","9997a741-45b2-4b3c-9bac-c85aee9a923e","[{""mode"" : ""Introspection"", ""mode_score"" : 46}, {""mode"" : ""Impact"", ""mode_score"" : 27}, {""mode"" : ""Transformation"", ""mode_score"" : 19}, {""mode"" : ""Équilibre"", ""mode_score"" : 5}, {""mode"" : ""Ascension"", ""mode_score"" : 3}]"
"2773db10-fe7d-4f35-9591-119335e8c82c","9dfc6419-a2cc-467a-aab4-d593cef93bfe","[{""mode"" : ""Introspection"", ""mode_score"" : 34}, {""mode"" : ""Transformation"", ""mode_score"" : 26}, {""mode"" : ""Impact"", ""mode_score"" : 18}, {""mode"" : ""Ascension"", ""mode_score"" : 18}, {""mode"" : ""Équilibre"", ""mode_score"" : 4}]"
"28fe3dae-36ad-4b7c-a30e-c3965827a857","91834866-38cf-44e5-a3fc-6e1e92ee301b","[{""mode"" : ""Équilibre"", ""mode_score"" : 66}, {""mode"" : ""Transformation"", ""mode_score"" : 23}, {""mode"" : ""Introspection"", ""mode_score"" : 11}, {""mode"" : ""Ascension"", ""mode_score"" : 0}, {""mode"" : ""Impact"", ""mode_score"" : 0}]"
"2a23c5c3-9996-4669-98ba-9af7715b92a3","51c8dbd3-860b-44a7-9fc9-a4b57a79fa07","[{""mode"" : ""Introspection"", ""mode_score"" : 29}, {""mode"" : ""Impact"", ""mode_score"" : 27}, {""mode"" : ""Ascension"", ""mode_score"" : 18}, {""mode"" : ""Transformation"", ""mode_score"" : 16}, {""mode"" : ""Équilibre"", ""mode_score"" : 10}]"
"2ead251e-4b5c-447b-ac94-f8b025708f51","514e3edb-ba63-4e1e-b6de-1ed80321276a","[{""mode"" : ""Introspection"", ""mode_score"" : 32}, {""mode"" : ""Impact"", ""mode_score"" : 22}, {""mode"" : ""Équilibre"", ""mode_score"" : 19}, {""mode"" : ""Ascension"", ""mode_score"" : 19}, {""mode"" : ""Transformation"", ""mode_score"" : 8}]"
"3116fb66-5770-42f4-a6b3-9682d6092f0b","a5f0eced-b67e-4833-ae42-028dff7f5c55","[{""mode"" : ""Introspection"", ""mode_score"" : 36}, {""mode"" : ""Ascension"", ""mode_score"" : 23}, {""mode"" : ""Impact"", ""mode_score"" : 19}, {""mode"" : ""Transformation"", ""mode_score"" : 18}, {""mode"" : ""Équilibre"", ""mode_score"" : 4}]"
"3150ea26-e2cc-4a75-a3be-823981e04eb6","e3bf0eba-cb6a-4780-a05a-5f670cc33b8a","[{""mode"" : ""Introspection"", ""mode_score"" : 51}, {""mode"" : ""Équilibre"", ""mode_score"" : 31}, {""mode"" : ""Impact"", ""mode_score"" : 18}, {""mode"" : ""Transformation"", ""mode_score"" : 0}, {""mode"" : ""Ascension"", ""mode_score"" : 0}]"
"31b795f2-5026-49b3-bd68-0a2037ce98c4","df28a842-f31c-42ca-bc84-570c51679888","[{""mode"" : ""Introspection"", ""mode_score"" : 27}, {""mode"" : ""Impact"", ""mode_score"" : 24}, {""mode"" : ""Ascension"", ""mode_score"" : 20}, {""mode"" : ""Transformation"", ""mode_score"" : 18}, {""mode"" : ""Équilibre"", ""mode_score"" : 11}]"
"3256a2b4-c9a0-4620-8539-0e63910552b0","8941f928-3ac2-4897-9297-f5de882bd4f4","[{""mode"" : ""Introspection"", ""mode_score"" : 30}, {""mode"" : ""Transformation"", ""mode_score"" : 27}, {""mode"" : ""Impact"", ""mode_score"" : 19}, {""mode"" : ""Ascension"", ""mode_score"" : 14}, {""mode"" : ""Équilibre"", ""mode_score"" : 10}]"
"33d066f8-0099-42ef-a3f2-48497b870cf8","d5794b12-a4b6-4dfb-a924-fc662eb15b64","[{""mode"" : ""Introspection"", ""mode_score"" : 34}, {""mode"" : ""Ascension"", ""mode_score"" : 24}, {""mode"" : ""Impact"", ""mode_score"" : 18}, {""mode"" : ""Équilibre"", ""mode_score"" : 18}, {""mode"" : ""Transformation"", ""mode_score"" : 6}]"
"34f42c8b-a46d-4206-b737-88e5ff46ea1a","4ffd0343-02f7-4d60-a658-4e1bc7b5a070","[{""mode"" : ""Introspection"", ""mode_score"" : 37}, {""mode"" : ""Transformation"", ""mode_score"" : 21}, {""mode"" : ""Impact"", ""mode_score"" : 20}, {""mode"" : ""Ascension"", ""mode_score"" : 16}, {""mode"" : ""Équilibre"", ""mode_score"" : 6}]"
"360f2cd4-8dcd-4f4e-a246-68d61f18b01a","ed917093-b3b9-4524-b38f-eb8daa1dcd3d","[{""mode"" : ""Transformation"", ""mode_score"" : 38}, {""mode"" : ""Introspection"", ""mode_score"" : 32}, {""mode"" : ""Impact"", ""mode_score"" : 20}, {""mode"" : ""Ascension"", ""mode_score"" : 9}, {""mode"" : ""Équilibre"", ""mode_score"" : 1}]"
"37f32498-6668-4fee-946e-b1227f1697ba","3703030b-bc9e-4dac-ae05-d539a931cb6b","[{""mode"" : ""Introspection"", ""mode_score"" : 36}, {""mode"" : ""Équilibre"", ""mode_score"" : 29}, {""mode"" : ""Impact"", ""mode_score"" : 29}, {""mode"" : ""Transformation"", ""mode_score"" : 6}, {""mode"" : ""Ascension"", ""mode_score"" : 0}]"
"403ee274-30f2-4c06-94c8-9c1ed3e5cda6","4f06a38d-3a17-4cd7-856d-93efcae47de2","[{""mode"" : ""Ascension"", ""mode_score"" : 31}, {""mode"" : ""Transformation"", ""mode_score"" : 26}, {""mode"" : ""Introspection"", ""mode_score"" : 25}, {""mode"" : ""Impact"", ""mode_score"" : 15}, {""mode"" : ""Équilibre"", ""mode_score"" : 3}]"
"4499fa89-e486-412c-b545-acac9263d526","6bddef19-ac55-448e-83d6-360aab1c9c0d","[{""mode"" : ""Introspection"", ""mode_score"" : 32}, {""mode"" : ""Impact"", ""mode_score"" : 23}, {""mode"" : ""Transformation"", ""mode_score"" : 23}, {""mode"" : ""Ascension"", ""mode_score"" : 17}, {""mode"" : ""Équilibre"", ""mode_score"" : 5}]"
"47b07441-1708-4da3-84a2-bf80da463a9e","aec1e777-1623-4505-b4c9-6bac747555e9","[{""mode"" : ""Introspection"", ""mode_score"" : 37}, {""mode"" : ""Transformation"", ""mode_score"" : 29}, {""mode"" : ""Impact"", ""mode_score"" : 23}, {""mode"" : ""Équilibre"", ""mode_score"" : 7}, {""mode"" : ""Ascension"", ""mode_score"" : 4}]"
"4915c9bc-c5b7-4003-95d2-a885b7b41fad","5a2a3b19-ebfc-4098-b6c4-76545e8bc19d","[{""mode"" : ""Introspection"", ""mode_score"" : 30}, {""mode"" : ""Ascension"", ""mode_score"" : 24}, {""mode"" : ""Impact"", ""mode_score"" : 20}, {""mode"" : ""Transformation"", ""mode_score"" : 13}, {""mode"" : ""Équilibre"", ""mode_score"" : 13}]"
"4918abe1-2e66-43d0-b0ed-2632aac03518","4a8cfb5a-ef71-48e6-a5c9-a6757568846f","[{""mode"" : ""Ascension"", ""mode_score"" : 27}, {""mode"" : ""Introspection"", ""mode_score"" : 22}, {""mode"" : ""Transformation"", ""mode_score"" : 20}, {""mode"" : ""Équilibre"", ""mode_score"" : 16}, {""mode"" : ""Impact"", ""mode_score"" : 15}]"
"492f9607-903e-422a-9ca2-d6620f352554","fb18d4c0-86e2-4e90-b2a5-5a6104fc7a9c","[{""mode"" : ""Introspection"", ""mode_score"" : 28}, {""mode"" : ""Transformation"", ""mode_score"" : 27}, {""mode"" : ""Impact"", ""mode_score"" : 22}, {""mode"" : ""Ascension"", ""mode_score"" : 21}, {""mode"" : ""Équilibre"", ""mode_score"" : 2}]"
"49fc3bc2-ce5d-4966-a5f2-9181944a7f6a","92c37178-b790-473e-8e69-50a1558d5128","[{""mode"" : ""Transformation"", ""mode_score"" : 32}, {""mode"" : ""Ascension"", ""mode_score"" : 30}, {""mode"" : ""Introspection"", ""mode_score"" : 29}, {""mode"" : ""Impact"", ""mode_score"" : 9}, {""mode"" : ""Équilibre"", ""mode_score"" : 0}]"
"4e430fca-f1e9-4016-ac11-8674279fcbeb","8cca4e8f-4ae4-4976-a8bd-f39a4e61739a","[{""mode"" : ""Introspection"", ""mode_score"" : 29}, {""mode"" : ""Impact"", ""mode_score"" : 27}, {""mode"" : ""Équilibre"", ""mode_score"" : 20}, {""mode"" : ""Ascension"", ""mode_score"" : 16}, {""mode"" : ""Transformation"", ""mode_score"" : 8}]"
"51341264-ae7e-4294-bf3c-ca5ed9e3a7d5","f213f74c-6d56-4878-8997-8cb282b00f80","[{""mode"" : ""Introspection"", ""mode_score"" : 34}, {""mode"" : ""Impact"", ""mode_score"" : 21}, {""mode"" : ""Transformation"", ""mode_score"" : 19}, {""mode"" : ""Équilibre"", ""mode_score"" : 16}, {""mode"" : ""Ascension"", ""mode_score"" : 10}]"
"51d0da01-50cf-4455-8041-8acc89240e78","0ca51c93-e5af-4498-8d3a-2393491ae87a","[{""mode"" : ""Introspection"", ""mode_score"" : 49}, {""mode"" : ""Impact"", ""mode_score"" : 30}, {""mode"" : ""Transformation"", ""mode_score"" : 21}, {""mode"" : ""Équilibre"", ""mode_score"" : 0}, {""mode"" : ""Ascension"", ""mode_score"" : 0}]"
"521f9ac7-32a5-4ef0-8378-f73b5c800152","91b53a8b-cac3-4d41-b779-74a73692a6e1","[{""mode"" : ""Introspection"", ""mode_score"" : 30}, {""mode"" : ""Ascension"", ""mode_score"" : 29}, {""mode"" : ""Transformation"", ""mode_score"" : 15}, {""mode"" : ""Impact"", ""mode_score"" : 13}, {""mode"" : ""Équilibre"", ""mode_score"" : 13}]"
"527acdcb-9b54-45d5-ade3-ff38576a411c","278ccf14-4cfc-43da-a98f-93f55b1d00d4","[{""mode"" : ""Introspection"", ""mode_score"" : 38}, {""mode"" : ""Impact"", ""mode_score"" : 28}, {""mode"" : ""Ascension"", ""mode_score"" : 13}, {""mode"" : ""Transformation"", ""mode_score"" : 11}, {""mode"" : ""Équilibre"", ""mode_score"" : 10}]"
"535f9125-d45b-41d6-a99a-8a45b5638e10","60e174c4-8739-4dd0-8857-9d646f29d251","[{""mode"" : ""Introspection"", ""mode_score"" : 48}, {""mode"" : ""Équilibre"", ""mode_score"" : 27}, {""mode"" : ""Impact"", ""mode_score"" : 25}, {""mode"" : ""Ascension"", ""mode_score"" : 0}, {""mode"" : ""Transformation"", ""mode_score"" : 0}]"
"544c992d-bc3d-4cbc-a309-643bdbac6447","a38d833b-b501-40a2-b157-79dd580cefb5","[{""mode"" : ""Impact"", ""mode_score"" : 33}, {""mode"" : ""Transformation"", ""mode_score"" : 31}, {""mode"" : ""Introspection"", ""mode_score"" : 29}, {""mode"" : ""Ascension"", ""mode_score"" : 7}, {""mode"" : ""Équilibre"", ""mode_score"" : 0}]"
"548decb1-2db6-43c1-9195-ee37afca9087","c89187bd-2190-4201-a6ea-123b1a763a7f","[{""mode"" : ""Impact"", ""mode_score"" : 28}, {""mode"" : ""Ascension"", ""mode_score"" : 26}, {""mode"" : ""Introspection"", ""mode_score"" : 23}, {""mode"" : ""Transformation"", ""mode_score"" : 23}, {""mode"" : ""Équilibre"", ""mode_score"" : 0}]"
"563a54f5-f932-449f-8099-0cc037dabac9","7e46aa32-1b60-46f9-919f-106e5fcd68d0","[{""mode"" : ""Introspection"", ""mode_score"" : 34}, {""mode"" : ""Transformation"", ""mode_score"" : 19}, {""mode"" : ""Ascension"", ""mode_score"" : 17}, {""mode"" : ""Impact"", ""mode_score"" : 16}, {""mode"" : ""Équilibre"", ""mode_score"" : 14}]"
"57bc7362-35d7-4758-bb2d-c3a30afcb0ed","9ca30bc8-3e16-47cb-8b22-dea1e1a7245a","[{""mode"" : ""Introspection"", ""mode_score"" : 33}, {""mode"" : ""Impact"", ""mode_score"" : 27}, {""mode"" : ""Ascension"", ""mode_score"" : 15}, {""mode"" : ""Équilibre"", ""mode_score"" : 13}, {""mode"" : ""Transformation"", ""mode_score"" : 12}]"
"584d35aa-460c-4659-a763-fab95e1c3999","c6fcb430-ac0c-4c97-9b18-23227b80d7a5","[{""mode"" : ""Introspection"", ""mode_score"" : 36}, {""mode"" : ""Équilibre"", ""mode_score"" : 24}, {""mode"" : ""Transformation"", ""mode_score"" : 19}, {""mode"" : ""Impact"", ""mode_score"" : 15}, {""mode"" : ""Ascension"", ""mode_score"" : 6}]"
"5f21731f-7d73-44d9-abba-b4277274598e","76523887-1e1c-4f0b-8c50-81ed229a02e0","[{""mode"" : ""Transformation"", ""mode_score"" : 33}, {""mode"" : ""Introspection"", ""mode_score"" : 28}, {""mode"" : ""Impact"", ""mode_score"" : 22}, {""mode"" : ""Ascension"", ""mode_score"" : 10}, {""mode"" : ""Équilibre"", ""mode_score"" : 7}]"
"60e94bab-cb45-48b7-ad6d-e9e95590ea8d","ae7348ed-db38-4f04-9aaa-3dc10c510e67","[{""mode"" : ""Introspection"", ""mode_score"" : 28}, {""mode"" : ""Ascension"", ""mode_score"" : 22}, {""mode"" : ""Impact"", ""mode_score"" : 17}, {""mode"" : ""Transformation"", ""mode_score"" : 17}, {""mode"" : ""Équilibre"", ""mode_score"" : 16}]"
"6103f82a-3da6-486a-a175-65bba2bb33a0","8bcd200f-4a29-43cf-9d32-c85fd4d446ef","[{""mode"" : ""Introspection"", ""mode_score"" : 41}, {""mode"" : ""Ascension"", ""mode_score"" : 17}, {""mode"" : ""Impact"", ""mode_score"" : 15}, {""mode"" : ""Équilibre"", ""mode_score"" : 15}, {""mode"" : ""Transformation"", ""mode_score"" : 12}]"
"61100bec-1621-4e64-94ec-e306c471bc4b","5a55151f-8808-474b-bde8-00a86a708e27","[{""mode"" : ""Introspection"", ""mode_score"" : 43}, {""mode"" : ""Équilibre"", ""mode_score"" : 42}, {""mode"" : ""Impact"", ""mode_score"" : 15}, {""mode"" : ""Transformation"", ""mode_score"" : 0}, {""mode"" : ""Ascension"", ""mode_score"" : 0}]"
"636e4130-1eaa-41ba-83f6-551691e977f9","f2dc2561-986e-49ff-a728-1119857d0ee2","[{""mode"" : ""Introspection"", ""mode_score"" : 44}, {""mode"" : ""Impact"", ""mode_score"" : 31}, {""mode"" : ""Équilibre"", ""mode_score"" : 17}, {""mode"" : ""Transformation"", ""mode_score"" : 8}, {""mode"" : ""Ascension"", ""mode_score"" : 0}]"
"65323402-1a2b-459d-812c-e308a5eb7a1d","5dc63fa9-dc39-42d3-ba03-b0584304ea1b","[{""mode"" : ""Équilibre"", ""mode_score"" : 42}, {""mode"" : ""Introspection"", ""mode_score"" : 42}, {""mode"" : ""Impact"", ""mode_score"" : 12}, {""mode"" : ""Ascension"", ""mode_score"" : 4}, {""mode"" : ""Transformation"", ""mode_score"" : 0}]"
"66c85082-3cca-49f4-9a94-6d3b3f042c2b","2ba3ff94-f6bc-4247-8ea3-c84cc64cffff","[{""mode"" : ""Introspection"", ""mode_score"" : 34}, {""mode"" : ""Ascension"", ""mode_score"" : 21}, {""mode"" : ""Impact"", ""mode_score"" : 16}, {""mode"" : ""Transformation"", ""mode_score"" : 15}, {""mode"" : ""Équilibre"", ""mode_score"" : 14}]"
"6aa0d132-a936-4845-8cf4-06ecf8c30827","a6f50fc8-5537-4310-8f2d-0ce1cc35c5aa","[{""mode"" : ""Introspection"", ""mode_score"" : 32}, {""mode"" : ""Transformation"", ""mode_score"" : 24}, {""mode"" : ""Équilibre"", ""mode_score"" : 19}, {""mode"" : ""Ascension"", ""mode_score"" : 15}, {""mode"" : ""Impact"", ""mode_score"" : 10}]"
"6afef2de-0dbc-45b5-98fe-297cef9c4278","f0364890-d14c-4804-bf26-e84c49700059","[{""mode"" : ""Introspection"", ""mode_score"" : 27}, {""mode"" : ""Impact"", ""mode_score"" : 26}, {""mode"" : ""Ascension"", ""mode_score"" : 19}, {""mode"" : ""Transformation"", ""mode_score"" : 15}, {""mode"" : ""Équilibre"", ""mode_score"" : 13}]"
"6ec4c61b-c7cb-49a5-b73b-90fec4783490","00c405a7-acdd-4a9f-88d6-ac5be1daf81f","[{""mode"" : ""Impact"", ""mode_score"" : 85}, {""mode"" : ""Introspection"", ""mode_score"" : 15}, {""mode"" : ""Ascension"", ""mode_score"" : 0}, {""mode"" : ""Équilibre"", ""mode_score"" : 0}, {""mode"" : ""Transformation"", ""mode_score"" : 0}]"
"6fb07367-d872-4f85-b2ff-92810645a0d3","dc9d5a00-de21-48a5-a797-c47264b03532","[{""mode"" : ""Équilibre"", ""mode_score"" : 65}, {""mode"" : ""Introspection"", ""mode_score"" : 30}, {""mode"" : ""Impact"", ""mode_score"" : 5}, {""mode"" : ""Ascension"", ""mode_score"" : 0}, {""mode"" : ""Transformation"", ""mode_score"" : 0}]"
"717d12aa-89a9-4d26-9533-2229672f4d7a","6afd143d-6fb6-4e2b-98d9-b113cdb34728","[{""mode"" : ""Introspection"", ""mode_score"" : 37}, {""mode"" : ""Équilibre"", ""mode_score"" : 28}, {""mode"" : ""Transformation"", ""mode_score"" : 15}, {""mode"" : ""Ascension"", ""mode_score"" : 10}, {""mode"" : ""Impact"", ""mode_score"" : 10}]"
"7181ba26-a4cc-4fca-92df-255e57b2b962","b35d29fb-5c25-4740-a20a-1d6783d633ee","[{""mode"" : ""Transformation"", ""mode_score"" : 36}, {""mode"" : ""Introspection"", ""mode_score"" : 27}, {""mode"" : ""Ascension"", ""mode_score"" : 24}, {""mode"" : ""Impact"", ""mode_score"" : 13}, {""mode"" : ""Équilibre"", ""mode_score"" : 0}]"
"725350e8-d6de-42b4-87eb-8000dff12238","bbfef8d7-86c4-4b89-af88-1ea9b3a0a91a","[{""mode"" : ""Introspection"", ""mode_score"" : 29}, {""mode"" : ""Transformation"", ""mode_score"" : 21}, {""mode"" : ""Ascension"", ""mode_score"" : 20}, {""mode"" : ""Impact"", ""mode_score"" : 17}, {""mode"" : ""Équilibre"", ""mode_score"" : 13}]"
"72728b1e-f0f1-419a-955b-838a71dddf7d","66b9924e-6b83-4704-a5d1-c1cb0b197464","[{""mode"" : ""Introspection"", ""mode_score"" : 45}, {""mode"" : ""Transformation"", ""mode_score"" : 23}, {""mode"" : ""Impact"", ""mode_score"" : 18}, {""mode"" : ""Ascension"", ""mode_score"" : 10}, {""mode"" : ""Équilibre"", ""mode_score"" : 4}]"
"79274419-a772-42a8-b6f4-336717f0ad3e","52ff5c45-c2b1-4794-a5a7-c7d16c2b1f3b","[{""mode"" : ""Ascension"", ""mode_score"" : 35}, {""mode"" : ""Transformation"", ""mode_score"" : 35}, {""mode"" : ""Introspection"", ""mode_score"" : 25}, {""mode"" : ""Impact"", ""mode_score"" : 5}, {""mode"" : ""Équilibre"", ""mode_score"" : 0}]"
"82be8586-0f4b-4f27-a3f3-5e7f696b98b2","b5af62b4-3f58-4240-91ad-e7b33058a72e","[{""mode"" : ""Introspection"", ""mode_score"" : 30}, {""mode"" : ""Équilibre"", ""mode_score"" : 22}, {""mode"" : ""Impact"", ""mode_score"" : 22}, {""mode"" : ""Ascension"", ""mode_score"" : 17}, {""mode"" : ""Transformation"", ""mode_score"" : 9}]"
"84f7d859-ab21-41c0-9f19-8ecc876c6fb7","c52fc28a-308b-4c0e-885a-e37f56a2f8e7","[{""mode"" : ""Introspection"", ""mode_score"" : 37}, {""mode"" : ""Impact"", ""mode_score"" : 26}, {""mode"" : ""Équilibre"", ""mode_score"" : 23}, {""mode"" : ""Ascension"", ""mode_score"" : 10}, {""mode"" : ""Transformation"", ""mode_score"" : 4}]"
"857419b9-484c-426a-aac4-db1f7d88bf89","48536526-9635-483b-91aa-8ae48eeac513","[{""mode"" : ""Impact"", ""mode_score"" : 41}, {""mode"" : ""Introspection"", ""mode_score"" : 34}, {""mode"" : ""Transformation"", ""mode_score"" : 15}, {""mode"" : ""Équilibre"", ""mode_score"" : 10}, {""mode"" : ""Ascension"", ""mode_score"" : 0}]"
"869ed277-3ff9-4fad-9ad5-7168b4eb819d","bf23619d-8282-4f64-a696-d3e6114031cf","[{""mode"" : ""Ascension"", ""mode_score"" : 31}, {""mode"" : ""Transformation"", ""mode_score"" : 28}, {""mode"" : ""Introspection"", ""mode_score"" : 23}, {""mode"" : ""Impact"", ""mode_score"" : 16}, {""mode"" : ""Équilibre"", ""mode_score"" : 2}]"
"88fe8367-463b-4db8-8735-0bfebf15c4fd","9b8bdf16-4632-4258-a09a-674d73692b70","[{""mode"" : ""Ascension"", ""mode_score"" : 28}, {""mode"" : ""Transformation"", ""mode_score"" : 26}, {""mode"" : ""Introspection"", ""mode_score"" : 24}, {""mode"" : ""Équilibre"", ""mode_score"" : 12}, {""mode"" : ""Impact"", ""mode_score"" : 10}]"
"8aaa13fe-48ec-4c04-89cc-6abc5a0edad4","57bdcf89-271e-49f7-bc94-051933df1a41","[{""mode"" : ""Impact"", ""mode_score"" : 32}, {""mode"" : ""Transformation"", ""mode_score"" : 26}, {""mode"" : ""Ascension"", ""mode_score"" : 22}, {""mode"" : ""Introspection"", ""mode_score"" : 20}, {""mode"" : ""Équilibre"", ""mode_score"" : 0}]"
"8b19c014-1b4e-426a-9f26-56d8dc57bf20","981e0f02-d521-488b-a6d8-6907b436b64b","[{""mode"" : ""Introspection"", ""mode_score"" : 42}, {""mode"" : ""Transformation"", ""mode_score"" : 20}, {""mode"" : ""Équilibre"", ""mode_score"" : 20}, {""mode"" : ""Impact"", ""mode_score"" : 18}, {""mode"" : ""Ascension"", ""mode_score"" : 0}]"
"8bf8a0da-eeff-4f09-ba26-0a733ac6154c","9cd82dce-34c7-4e2f-bda9-769770ba093e","[{""mode"" : ""Équilibre"", ""mode_score"" : 33}, {""mode"" : ""Introspection"", ""mode_score"" : 28}, {""mode"" : ""Ascension"", ""mode_score"" : 23}, {""mode"" : ""Impact"", ""mode_score"" : 10}, {""mode"" : ""Transformation"", ""mode_score"" : 6}]"
"8c086603-fbf2-4798-b875-215129e8c30a","fa439a40-6650-479c-8722-5ed019050e18","[{""mode"" : ""Introspection"", ""mode_score"" : 29}, {""mode"" : ""Ascension"", ""mode_score"" : 24}, {""mode"" : ""Impact"", ""mode_score"" : 17}, {""mode"" : ""Équilibre"", ""mode_score"" : 15}, {""mode"" : ""Transformation"", ""mode_score"" : 15}]"
"8e5914b1-804d-48e4-b98b-2207d3541a6d","a94aa895-54de-4d3d-96d9-aeef039d9133","[{""mode"" : ""Équilibre"", ""mode_score"" : 37}, {""mode"" : ""Introspection"", ""mode_score"" : 36}, {""mode"" : ""Impact"", ""mode_score"" : 15}, {""mode"" : ""Ascension"", ""mode_score"" : 9}, {""mode"" : ""Transformation"", ""mode_score"" : 3}]"
"94d81e2b-fff6-4a75-a06f-14fb3b2937af","207a7e82-8c64-42b1-935b-8bed45d40b4e","[{""mode"" : ""Introspection"", ""mode_score"" : 47}, {""mode"" : ""Impact"", ""mode_score"" : 27}, {""mode"" : ""Équilibre"", ""mode_score"" : 12}, {""mode"" : ""Transformation"", ""mode_score"" : 12}, {""mode"" : ""Ascension"", ""mode_score"" : 2}]"
"96eaf3b2-f910-4acc-9451-b3d89774e47e","ffb8c705-f787-4662-a040-22c3ed4060de","[{""mode"" : ""Introspection"", ""mode_score"" : 42}, {""mode"" : ""Impact"", ""mode_score"" : 27}, {""mode"" : ""Équilibre"", ""mode_score"" : 16}, {""mode"" : ""Transformation"", ""mode_score"" : 8}, {""mode"" : ""Ascension"", ""mode_score"" : 7}]"
"9a0aed8e-b8c5-405b-ae18-75a3bbc41a3d","b45cc65d-49ea-47f3-9eb6-fea67bccda97","[{""mode"" : ""Transformation"", ""mode_score"" : 29}, {""mode"" : ""Introspection"", ""mode_score"" : 29}, {""mode"" : ""Ascension"", ""mode_score"" : 29}, {""mode"" : ""Impact"", ""mode_score"" : 13}, {""mode"" : ""Équilibre"", ""mode_score"" : 0}]"
"9c64dba0-8422-4f03-a2ef-c965b9df1ec1","9d1704b9-1301-4d8e-a6d7-a18c42dfb248","[{""mode"" : ""Introspection"", ""mode_score"" : 33}, {""mode"" : ""Transformation"", ""mode_score"" : 25}, {""mode"" : ""Ascension"", ""mode_score"" : 19}, {""mode"" : ""Impact"", ""mode_score"" : 14}, {""mode"" : ""Équilibre"", ""mode_score"" : 9}]"
"9df263e0-7f0a-495d-963a-a11a9034f21d","1702f58f-b8a6-413e-a711-16aa1f2a20f6","[{""mode"" : ""Introspection"", ""mode_score"" : 36}, {""mode"" : ""Ascension"", ""mode_score"" : 26}, {""mode"" : ""Transformation"", ""mode_score"" : 16}, {""mode"" : ""Impact"", ""mode_score"" : 12}, {""mode"" : ""Équilibre"", ""mode_score"" : 10}]"
"9f9b76c6-8f16-4e0c-a415-600daeb23bb5","643c0552-8e02-4c28-97c3-aab3fa6f3af6","[{""mode"" : ""Introspection"", ""mode_score"" : 31}, {""mode"" : ""Impact"", ""mode_score"" : 28}, {""mode"" : ""Transformation"", ""mode_score"" : 21}, {""mode"" : ""Équilibre"", ""mode_score"" : 10}, {""mode"" : ""Ascension"", ""mode_score"" : 10}]"
"9fbfe831-571f-48bd-b193-b5d979819572","2a7fb8bd-1234-4e8c-989c-10690342dacd","[{""mode"" : ""Introspection"", ""mode_score"" : 36}, {""mode"" : ""Transformation"", ""mode_score"" : 26}, {""mode"" : ""Impact"", ""mode_score"" : 20}, {""mode"" : ""Équilibre"", ""mode_score"" : 10}, {""mode"" : ""Ascension"", ""mode_score"" : 8}]"
"a084dc76-359e-4535-9a00-8b12924fc063","5cd721b1-5f22-4b83-b71a-c9a2205c20e1","[{""mode"" : ""Introspection"", ""mode_score"" : 37}, {""mode"" : ""Transformation"", ""mode_score"" : 22}, {""mode"" : ""Impact"", ""mode_score"" : 17}, {""mode"" : ""Équilibre"", ""mode_score"" : 15}, {""mode"" : ""Ascension"", ""mode_score"" : 9}]"
"a13f326f-1153-4422-93e5-e6ccede0a7fb","06b0882a-8833-4ab3-8f20-35e5ed2d0d53","[{""mode"" : ""Impact"", ""mode_score"" : 84}, {""mode"" : ""Introspection"", ""mode_score"" : 16}, {""mode"" : ""Ascension"", ""mode_score"" : 0}, {""mode"" : ""Équilibre"", ""mode_score"" : 0}, {""mode"" : ""Transformation"", ""mode_score"" : 0}]"
"a2d2a665-f316-4e3b-95fa-ec9fd8b4beb3","77e8903a-5609-4c29-9eaf-fc0240dcf530","[{""mode"" : ""Équilibre"", ""mode_score"" : 44}, {""mode"" : ""Introspection"", ""mode_score"" : 29}, {""mode"" : ""Impact"", ""mode_score"" : 15}, {""mode"" : ""Ascension"", ""mode_score"" : 12}, {""mode"" : ""Transformation"", ""mode_score"" : 0}]"
"a3608ecf-6bd9-473f-8515-d65e8cc268d4","390eebc6-c07c-49a0-bee6-08f49bdb9bdf","[{""mode"" : ""Introspection"", ""mode_score"" : 32}, {""mode"" : ""Équilibre"", ""mode_score"" : 25}, {""mode"" : ""Impact"", ""mode_score"" : 21}, {""mode"" : ""Ascension"", ""mode_score"" : 18}, {""mode"" : ""Transformation"", ""mode_score"" : 4}]"
"a390e03d-5cc5-4d36-a593-01a4ccfb7ef3","23126de2-75df-4f7a-958d-73e2999d7ff0","[{""mode"" : ""Introspection"", ""mode_score"" : 38}, {""mode"" : ""Impact"", ""mode_score"" : 24}, {""mode"" : ""Transformation"", ""mode_score"" : 20}, {""mode"" : ""Ascension"", ""mode_score"" : 15}, {""mode"" : ""Équilibre"", ""mode_score"" : 3}]"
"a3b53c79-90d3-40c7-8ff6-84db5015fc2c","3d727a06-22a9-49c6-8631-79a4cd364657","[{""mode"" : ""Introspection"", ""mode_score"" : 31}, {""mode"" : ""Ascension"", ""mode_score"" : 20}, {""mode"" : ""Transformation"", ""mode_score"" : 19}, {""mode"" : ""Impact"", ""mode_score"" : 15}, {""mode"" : ""Équilibre"", ""mode_score"" : 15}]"
"a840e3f2-5cca-4a0a-b0c4-9a522d8ab60d","c1cf1924-2e12-46f2-be81-5de9502a1c2d","[{""mode"" : ""Introspection"", ""mode_score"" : 31}, {""mode"" : ""Ascension"", ""mode_score"" : 25}, {""mode"" : ""Transformation"", ""mode_score"" : 22}, {""mode"" : ""Impact"", ""mode_score"" : 13}, {""mode"" : ""Équilibre"", ""mode_score"" : 9}]"
"aa39e6dd-4c36-4be8-9da7-a680b56356f6","03960766-c1dd-4f78-85f1-6a6555f1ef6e","[{""mode"" : ""Équilibre"", ""mode_score"" : 42}, {""mode"" : ""Introspection"", ""mode_score"" : 41}, {""mode"" : ""Impact"", ""mode_score"" : 13}, {""mode"" : ""Ascension"", ""mode_score"" : 4}, {""mode"" : ""Transformation"", ""mode_score"" : 0}]"
"b208ff8a-4b6f-4bac-b8d6-5263eb9b91c5","cfb45bbb-32ca-4f13-8663-d44f86d7e651","[{""mode"" : ""Ascension"", ""mode_score"" : 29}, {""mode"" : ""Introspection"", ""mode_score"" : 27}, {""mode"" : ""Transformation"", ""mode_score"" : 22}, {""mode"" : ""Impact"", ""mode_score"" : 13}, {""mode"" : ""Équilibre"", ""mode_score"" : 9}]"
"b775b831-d015-4561-ac93-dd8d720a5649","54933079-f981-41f5-8e48-faba9393640f","[{""mode"" : ""Introspection"", ""mode_score"" : 31}, {""mode"" : ""Transformation"", ""mode_score"" : 25}, {""mode"" : ""Ascension"", ""mode_score"" : 23}, {""mode"" : ""Impact"", ""mode_score"" : 18}, {""mode"" : ""Équilibre"", ""mode_score"" : 3}]"
"b8bbac50-e9c5-44a9-ac5e-b6908a45f227","0e45525f-7ca3-4b43-a36a-5bad4b983826","[{""mode"" : ""Transformation"", ""mode_score"" : 34}, {""mode"" : ""Introspection"", ""mode_score"" : 29}, {""mode"" : ""Ascension"", ""mode_score"" : 20}, {""mode"" : ""Impact"", ""mode_score"" : 17}, {""mode"" : ""Équilibre"", ""mode_score"" : 0}]"
"b9a24385-8ee7-4de4-b5ae-a19255c4a25d","404fced6-b4c7-4a09-b839-aacc1790bde1","[{""mode"" : ""Introspection"", ""mode_score"" : 53}, {""mode"" : ""Impact"", ""mode_score"" : 34}, {""mode"" : ""Équilibre"", ""mode_score"" : 10}, {""mode"" : ""Transformation"", ""mode_score"" : 3}, {""mode"" : ""Ascension"", ""mode_score"" : 0}]"
"bb1438cd-553f-44b4-b8c5-83b0d97c9f1e","f6c083ae-d905-4780-a81a-95aff73d3275","[{""mode"" : ""Impact"", ""mode_score"" : 40}, {""mode"" : ""Introspection"", ""mode_score"" : 34}, {""mode"" : ""Transformation"", ""mode_score"" : 14}, {""mode"" : ""Équilibre"", ""mode_score"" : 12}, {""mode"" : ""Ascension"", ""mode_score"" : 0}]"
"bec6f359-652f-43a4-9a98-e32561ece392","09cebf56-c4b8-4c7f-8cbf-a100dab6860e","[{""mode"" : ""Introspection"", ""mode_score"" : 49}, {""mode"" : ""Impact"", ""mode_score"" : 29}, {""mode"" : ""Équilibre"", ""mode_score"" : 20}, {""mode"" : ""Ascension"", ""mode_score"" : 2}, {""mode"" : ""Transformation"", ""mode_score"" : 0}]"
"bf448198-1d61-435a-a408-6d36a28c4318","14ef00d3-e68d-4fc0-93ea-227f2ba1562d","[{""mode"" : ""Ascension"", ""mode_score"" : 36}, {""mode"" : ""Transformation"", ""mode_score"" : 31}, {""mode"" : ""Introspection"", ""mode_score"" : 18}, {""mode"" : ""Impact"", ""mode_score"" : 15}, {""mode"" : ""Équilibre"", ""mode_score"" : 0}]"
"bfb97b4d-29a6-4a5f-b397-ed091f7f72b5","d9b42979-d566-4ded-96d5-4f795627a1b7","[{""mode"" : ""Introspection"", ""mode_score"" : 55}, {""mode"" : ""Impact"", ""mode_score"" : 18}, {""mode"" : ""Équilibre"", ""mode_score"" : 17}, {""mode"" : ""Ascension"", ""mode_score"" : 8}, {""mode"" : ""Transformation"", ""mode_score"" : 2}]"
"c34a2f06-7321-42e7-a662-794ff60934ad","4350a852-8efe-4e2d-856c-c3c817be0b0a","[{""mode"" : ""Introspection"", ""mode_score"" : 31}, {""mode"" : ""Transformation"", ""mode_score"" : 25}, {""mode"" : ""Impact"", ""mode_score"" : 24}, {""mode"" : ""Ascension"", ""mode_score"" : 14}, {""mode"" : ""Équilibre"", ""mode_score"" : 6}]"
"c5628876-284a-4dfd-8ae4-4ebb41d0ba74","7eea9fe0-b3d2-4d8c-b72f-236806cee76c","[{""mode"" : ""Équilibre"", ""mode_score"" : 42}, {""mode"" : ""Introspection"", ""mode_score"" : 36}, {""mode"" : ""Impact"", ""mode_score"" : 22}, {""mode"" : ""Transformation"", ""mode_score"" : 0}, {""mode"" : ""Ascension"", ""mode_score"" : 0}]"
"c5b13991-f56d-4c06-b35a-b354dc8edf37","bd6fb07f-52c3-47c8-97e1-d09b61641a0a","[{""mode"" : ""Introspection"", ""mode_score"" : 41}, {""mode"" : ""Équilibre"", ""mode_score"" : 29}, {""mode"" : ""Ascension"", ""mode_score"" : 15}, {""mode"" : ""Impact"", ""mode_score"" : 15}, {""mode"" : ""Transformation"", ""mode_score"" : 0}]"
"c9a0204b-a842-4611-b7e3-309f235a50a9","c7d35f87-3478-42bf-81b1-c558bf2c3074","[{""mode"" : ""Introspection"", ""mode_score"" : 34}, {""mode"" : ""Transformation"", ""mode_score"" : 27}, {""mode"" : ""Impact"", ""mode_score"" : 20}, {""mode"" : ""Équilibre"", ""mode_score"" : 19}, {""mode"" : ""Ascension"", ""mode_score"" : 0}]"
"c9de3152-6b7e-4465-b6e2-d1772b57bd91","0634fee2-3944-446a-be06-574157a2f12a","[{""mode"" : ""Introspection"", ""mode_score"" : 26}, {""mode"" : ""Ascension"", ""mode_score"" : 23}, {""mode"" : ""Transformation"", ""mode_score"" : 22}, {""mode"" : ""Impact"", ""mode_score"" : 17}, {""mode"" : ""Équilibre"", ""mode_score"" : 12}]"
"ccda5275-ca9c-42f5-8e6f-01243357565d","a76988f9-0145-4a22-aeb4-16494f49b225","[{""mode"" : ""Impact"", ""mode_score"" : 48}, {""mode"" : ""Introspection"", ""mode_score"" : 35}, {""mode"" : ""Ascension"", ""mode_score"" : 10}, {""mode"" : ""Équilibre"", ""mode_score"" : 7}, {""mode"" : ""Transformation"", ""mode_score"" : 0}]"
"cd754274-b9a0-48fb-a5d9-f157743acbea","4106fbc9-13c8-4dbb-ac7b-9fb873810315","[{""mode"" : ""Équilibre"", ""mode_score"" : 54}, {""mode"" : ""Introspection"", ""mode_score"" : 25}, {""mode"" : ""Impact"", ""mode_score"" : 21}, {""mode"" : ""Transformation"", ""mode_score"" : 0}, {""mode"" : ""Ascension"", ""mode_score"" : 0}]"
"d07ec585-e249-462e-93ed-b0114838de23","59756c40-f4cd-4e19-8144-e42ee5440431","[{""mode"" : ""Introspection"", ""mode_score"" : 42}, {""mode"" : ""Transformation"", ""mode_score"" : 24}, {""mode"" : ""Ascension"", ""mode_score"" : 16}, {""mode"" : ""Impact"", ""mode_score"" : 15}, {""mode"" : ""Équilibre"", ""mode_score"" : 3}]"
"d2185cce-acd4-463c-b1cd-eebeb64e9b18","4a362769-23cd-4cd3-a45d-ad033c06e5c0","[{""mode"" : ""Ascension"", ""mode_score"" : 29}, {""mode"" : ""Introspection"", ""mode_score"" : 24}, {""mode"" : ""Transformation"", ""mode_score"" : 23}, {""mode"" : ""Impact"", ""mode_score"" : 13}, {""mode"" : ""Équilibre"", ""mode_score"" : 11}]"
"d6ba704f-3e6d-4fc7-8baf-4cf080458621","d1288300-d449-4723-b82f-cc914ca70023","[{""mode"" : ""Impact"", ""mode_score"" : 46}, {""mode"" : ""Introspection"", ""mode_score"" : 42}, {""mode"" : ""Équilibre"", ""mode_score"" : 6}, {""mode"" : ""Transformation"", ""mode_score"" : 6}, {""mode"" : ""Ascension"", ""mode_score"" : 0}]"
"d84d3a21-4b1e-4e60-9dfc-59a61ce3ff60","c32553ae-1a7c-4245-aa38-191dbcf060c8","[{""mode"" : ""Introspection"", ""mode_score"" : 36}, {""mode"" : ""Équilibre"", ""mode_score"" : 36}, {""mode"" : ""Impact"", ""mode_score"" : 28}, {""mode"" : ""Ascension"", ""mode_score"" : 0}, {""mode"" : ""Transformation"", ""mode_score"" : 0}]"
"dbd5d555-a849-43f5-8fb1-ab742fe85a4a","9d13c6c6-5bd8-4a75-9473-d40df82e1d85","[{""mode"" : ""Introspection"", ""mode_score"" : 43}, {""mode"" : ""Équilibre"", ""mode_score"" : 27}, {""mode"" : ""Impact"", ""mode_score"" : 18}, {""mode"" : ""Ascension"", ""mode_score"" : 8}, {""mode"" : ""Transformation"", ""mode_score"" : 4}]"
"dc106d5e-b5d8-437d-ae05-fa916d6a61e5","76051933-d495-46af-b8f9-3873205c440b","[{""mode"" : ""Introspection"", ""mode_score"" : 32}, {""mode"" : ""Transformation"", ""mode_score"" : 20}, {""mode"" : ""Ascension"", ""mode_score"" : 18}, {""mode"" : ""Équilibre"", ""mode_score"" : 16}, {""mode"" : ""Impact"", ""mode_score"" : 14}]"
"dde01066-18f3-49ba-ad1c-ec0f5ee74d43","712ad6ca-c8a4-4c8c-8563-abc5d0682df2","[{""mode"" : ""Introspection"", ""mode_score"" : 51}, {""mode"" : ""Équilibre"", ""mode_score"" : 27}, {""mode"" : ""Impact"", ""mode_score"" : 16}, {""mode"" : ""Ascension"", ""mode_score"" : 6}, {""mode"" : ""Transformation"", ""mode_score"" : 0}]"
"de80c22d-e0c0-4806-aee6-dc529c55ebeb","b4db498a-12d8-4e18-8f2a-3fa25390ca46","[{""mode"" : ""Équilibre"", ""mode_score"" : 43}, {""mode"" : ""Introspection"", ""mode_score"" : 27}, {""mode"" : ""Ascension"", ""mode_score"" : 16}, {""mode"" : ""Impact"", ""mode_score"" : 8}, {""mode"" : ""Transformation"", ""mode_score"" : 6}]"
"df4c86cb-eb89-46dd-9718-3d964182b08d","c20c7e60-c708-4927-b4d1-6fa250aac51c","[{""mode"" : ""Ascension"", ""mode_score"" : 32}, {""mode"" : ""Introspection"", ""mode_score"" : 25}, {""mode"" : ""Transformation"", ""mode_score"" : 19}, {""mode"" : ""Impact"", ""mode_score"" : 12}, {""mode"" : ""Équilibre"", ""mode_score"" : 12}]"
"e10325d8-976f-46ba-9496-4c4c8056ff4b","99823636-c228-428c-88e0-bc93f9190547","[{""mode"" : ""Transformation"", ""mode_score"" : 32}, {""mode"" : ""Introspection"", ""mode_score"" : 26}, {""mode"" : ""Ascension"", ""mode_score"" : 26}, {""mode"" : ""Impact"", ""mode_score"" : 16}, {""mode"" : ""Équilibre"", ""mode_score"" : 0}]"
"e367d84b-b02c-4ae6-85b1-aee56ae404fb","98c31063-cfba-4e78-851f-66c2ae470075","[{""mode"" : ""Introspection"", ""mode_score"" : 42}, {""mode"" : ""Impact"", ""mode_score"" : 20}, {""mode"" : ""Transformation"", ""mode_score"" : 19}, {""mode"" : ""Ascension"", ""mode_score"" : 14}, {""mode"" : ""Équilibre"", ""mode_score"" : 5}]"
"e40a37bf-775d-4c18-8ff7-13cf386eb43a","9c0fd0b8-7d35-416b-b5b5-ef6721f39697","[{""mode"" : ""Introspection"", ""mode_score"" : 34}, {""mode"" : ""Impact"", ""mode_score"" : 23}, {""mode"" : ""Équilibre"", ""mode_score"" : 15}, {""mode"" : ""Transformation"", ""mode_score"" : 15}, {""mode"" : ""Ascension"", ""mode_score"" : 13}]"
"e52e8ed8-9f8b-42be-b81c-3e37a07648ff","9386ccc3-ea58-41f1-8aee-9107a3a782c9","[{""mode"" : ""Introspection"", ""mode_score"" : 50}, {""mode"" : ""Équilibre"", ""mode_score"" : 28}, {""mode"" : ""Impact"", ""mode_score"" : 22}, {""mode"" : ""Ascension"", ""mode_score"" : 0}, {""mode"" : ""Transformation"", ""mode_score"" : 0}]"
"e6910601-6299-475d-980e-88bca4fbf79c","f47a4f5b-896b-4620-91bf-839595fef8bd","[{""mode"" : ""Introspection"", ""mode_score"" : 40}, {""mode"" : ""Impact"", ""mode_score"" : 33}, {""mode"" : ""Équilibre"", ""mode_score"" : 14}, {""mode"" : ""Transformation"", ""mode_score"" : 13}, {""mode"" : ""Ascension"", ""mode_score"" : 0}]"
"e823ed15-c0c6-4711-b0c4-c79850e6629d","bab92cca-51b6-48c6-b8ff-50e9cdc66782","[{""mode"" : ""Introspection"", ""mode_score"" : 34}, {""mode"" : ""Équilibre"", ""mode_score"" : 23}, {""mode"" : ""Impact"", ""mode_score"" : 20}, {""mode"" : ""Ascension"", ""mode_score"" : 12}, {""mode"" : ""Transformation"", ""mode_score"" : 11}]"
"ec5a9765-05cb-4fd0-a34b-43fab38b9482","7ad8bdf0-ce05-48f1-800d-801a9152d4a5","[{""mode"" : ""Introspection"", ""mode_score"" : 49}, {""mode"" : ""Impact"", ""mode_score"" : 38}, {""mode"" : ""Équilibre"", ""mode_score"" : 13}, {""mode"" : ""Ascension"", ""mode_score"" : 0}, {""mode"" : ""Transformation"", ""mode_score"" : 0}]"
"ecc176f7-1fa3-4e3d-83d2-ff8518bca2a1","9312f1b9-26b5-4736-970a-42c7a6b0ff35","[{""mode"" : ""Introspection"", ""mode_score"" : 42}, {""mode"" : ""Équilibre"", ""mode_score"" : 29}, {""mode"" : ""Impact"", ""mode_score"" : 24}, {""mode"" : ""Ascension"", ""mode_score"" : 3}, {""mode"" : ""Transformation"", ""mode_score"" : 2}]"
"ed5812cb-8a14-4ec1-95ed-95b5cb4ecac6","498606e9-b56a-477d-9d73-3ab4533de829","[{""mode"" : ""Ascension"", ""mode_score"" : 39}, {""mode"" : ""Transformation"", ""mode_score"" : 21}, {""mode"" : ""Introspection"", ""mode_score"" : 19}, {""mode"" : ""Impact"", ""mode_score"" : 14}, {""mode"" : ""Équilibre"", ""mode_score"" : 7}]"
"ee1ffb5e-0fa0-4f75-96c1-5c6cd8a24bee","76f8c7ca-7fc6-4bc7-a837-160a96349933","[{""mode"" : ""Introspection"", ""mode_score"" : 43}, {""mode"" : ""Équilibre"", ""mode_score"" : 21}, {""mode"" : ""Transformation"", ""mode_score"" : 14}, {""mode"" : ""Impact"", ""mode_score"" : 12}, {""mode"" : ""Ascension"", ""mode_score"" : 10}]"
"ee4515f7-ccf4-43e3-a40f-da6d676cd9b2","35fdd5e0-f81a-4805-a5be-eea7d535b70f","[{""mode"" : ""Ascension"", ""mode_score"" : 31}, {""mode"" : ""Introspection"", ""mode_score"" : 30}, {""mode"" : ""Transformation"", ""mode_score"" : 23}, {""mode"" : ""Équilibre"", ""mode_score"" : 8}, {""mode"" : ""Impact"", ""mode_score"" : 8}]"
"f0000659-f3e7-47c6-b1d2-ce55e09185be","46d58210-c7ac-4ca0-ab9d-69423b852137","[{""mode"" : ""Introspection"", ""mode_score"" : 59}, {""mode"" : ""Transformation"", ""mode_score"" : 29}, {""mode"" : ""Équilibre"", ""mode_score"" : 12}, {""mode"" : ""Ascension"", ""mode_score"" : 0}, {""mode"" : ""Impact"", ""mode_score"" : 0}]"
"f0ee8795-9086-4bd9-9679-1e3617beccf8","4ac91675-c3f8-4223-8456-69d59a7c0527","[{""mode"" : ""Introspection"", ""mode_score"" : 42}, {""mode"" : ""Équilibre"", ""mode_score"" : 30}, {""mode"" : ""Impact"", ""mode_score"" : 10}, {""mode"" : ""Transformation"", ""mode_score"" : 10}, {""mode"" : ""Ascension"", ""mode_score"" : 8}]"
"f191ff33-b7dd-4d64-ad19-3cba807a3a7a","7a5366a0-2f3f-4ba5-8ab7-ca9ae1540b90","[{""mode"" : ""Introspection"", ""mode_score"" : 42}, {""mode"" : ""Impact"", ""mode_score"" : 29}, {""mode"" : ""Équilibre"", ""mode_score"" : 27}, {""mode"" : ""Transformation"", ""mode_score"" : 2}, {""mode"" : ""Ascension"", ""mode_score"" : 0}]"
"f3d2784e-27d7-4b09-88e3-887012449f45","6b9aff5c-d529-473e-8721-8c0a60c992b7","[{""mode"" : ""Introspection"", ""mode_score"" : 43}, {""mode"" : ""Équilibre"", ""mode_score"" : 29}, {""mode"" : ""Impact"", ""mode_score"" : 17}, {""mode"" : ""Transformation"", ""mode_score"" : 11}, {""mode"" : ""Ascension"", ""mode_score"" : 0}]"
"f44e45ac-cec2-46b6-88bb-09e1db29f57c","1016af27-f4c7-4dae-b9b7-2ece8419cb19","[{""mode"" : ""Introspection"", ""mode_score"" : 37}, {""mode"" : ""Transformation"", ""mode_score"" : 17}, {""mode"" : ""Équilibre"", ""mode_score"" : 16}, {""mode"" : ""Ascension"", ""mode_score"" : 16}, {""mode"" : ""Impact"", ""mode_score"" : 14}]"
"f4aefd5c-7fe4-44a0-859e-fad9c2118c5f","24f023c9-bdc3-4379-89ad-375cc9878852","[{""mode"" : ""Introspection"", ""mode_score"" : 32}, {""mode"" : ""Ascension"", ""mode_score"" : 20}, {""mode"" : ""Équilibre"", ""mode_score"" : 19}, {""mode"" : ""Impact"", ""mode_score"" : 18}, {""mode"" : ""Transformation"", ""mode_score"" : 11}]"
"f7df3092-16d7-49ee-a4bf-ebef3ba7a15b","79c51e66-62d1-41b8-92ee-5acd6de6e38e","[{""mode"" : ""Introspection"", ""mode_score"" : 35}, {""mode"" : ""Ascension"", ""mode_score"" : 20}, {""mode"" : ""Transformation"", ""mode_score"" : 16}, {""mode"" : ""Équilibre"", ""mode_score"" : 15}, {""mode"" : ""Impact"", ""mode_score"" : 14}]"
"f8344b8c-add8-48ec-8cc1-7ccd9aad721f","824091f7-4de6-4eb4-a001-dc37ddc880e8","[{""mode"" : ""Introspection"", ""mode_score"" : 33}, {""mode"" : ""Transformation"", ""mode_score"" : 21}, {""mode"" : ""Ascension"", ""mode_score"" : 20}, {""mode"" : ""Impact"", ""mode_score"" : 18}, {""mode"" : ""Équilibre"", ""mode_score"" : 8}]"
"f956c5a2-9b02-4321-917b-da7621fe53d2","74ba879f-d051-46bd-8fd6-95740383eb9a","[{""mode"" : ""Ascension"", ""mode_score"" : 29}, {""mode"" : ""Introspection"", ""mode_score"" : 21}, {""mode"" : ""Impact"", ""mode_score"" : 19}, {""mode"" : ""Transformation"", ""mode_score"" : 19}, {""mode"" : ""Équilibre"", ""mode_score"" : 12}]"
"f9673d14-4974-4aeb-81be-eda005404649","715bc29d-308d-4a13-920e-ffb70d0d92b8","[{""mode"" : ""Transformation"", ""mode_score"" : 27}, {""mode"" : ""Introspection"", ""mode_score"" : 22}, {""mode"" : ""Impact"", ""mode_score"" : 22}, {""mode"" : ""Ascension"", ""mode_score"" : 21}, {""mode"" : ""Équilibre"", ""mode_score"" : 8}]"
"fbbfc9cf-bdd1-4b6c-939d-547e52a36c22","f5e9035e-d904-43fa-b4c3-6e93e642c1fe","[{""mode"" : ""Introspection"", ""mode_score"" : 41}, {""mode"" : ""Équilibre"", ""mode_score"" : 34}, {""mode"" : ""Impact"", ""mode_score"" : 25}, {""mode"" : ""Ascension"", ""mode_score"" : 0}, {""mode"" : ""Transformation"", ""mode_score"" : 0}]"
